word,numpyarray
fifthharmony,[]
bigking,[]
deerupt,[]
pardon,[]
justsayin,[]
surfergirl,[]
whoops,[]
gdayusa,[]
instababy,[]
willworkfortreats,[]
nato,[]
protest,[]
sleep,[]
desiderata,[]
coffeelife,[]
danapoint,[]
catlife,[]
marcorubio,[]
happybirthday,[]
reebokone,[]
swag,[]
oceanlove,[]
fblogger,[]
porche,[]
paris,[]
pretzelnuggets,[]
swan,[]
daylightsavingtime,[]
happycat,[]
halloweenpets2016,[]
presents,[]
bike,[]
coldwater,[]
jerseycity,[]
stationery,[]
bestactress,[]
sorry,[]
pride,[]
brownsugarbacon,[]
hats,[]
summerlove,[]
duchessofcambridge,[]
nocandyforyou,[]
cruising,[]
rescue,[]
cavaliers,[]
wouldyourather,[]
dancerswanted,[]
bigbird,[]
makeupaddict,[]
breastcancer,[]
arbyshat,[]
intrustsurfboard,[]
gracias,[]
closeup,[]
yellow,[]
parafinagrudandomuito,[]
internationalsurfingday,[]
broward,[]
monkeys,[]
natgeoadventure,[]
perfromixdriven,[]
school,[]
frenchbully,[]
bestfriend,[]
snowflakes,[]
priceless,[]
floridalife,[]
fullmoon,[]
wednesday,[]
myway,[]
mlkday,[]
codered,[]
siriusxm,[]
newmexico,[]
awardseason,[]
isdin,[]
enjoy,[]
equalrights,[]
babygirl,[]
bicycle,[]
doublerainbow,[]
tired,[]
corvette,[]
madewithlove,[]
bacon,[]
jiujitsu,[]
pulse,[]
elections,[]
chef,[]
timmcgraw,[]
dodgers,[]
summer,[]
nationalhamburgerday,[]
follow,[]
spicegirls,[]
dreamscometrue,[]
westcoast,[]
panda,[]
fitnessworld,[]
brexit,[]
objectscloserthantheyappear,[]
winewednesday,[]
christ,[]
parkland,[]
cooking,[]
staytuned,[]
walkout,[]
worldtradecenter,[]
noserubs,[]
lights,[]
wahxasos,[]
omarosa,[]
stevebannon,[]
blur,[]
labordayweekend,[]
new,[]
tistheseason,[]
merryxmas,[]
frenchieoftheday,[]
disney,[]
memorialday,[]
schoolshooting,[]
pats,[]
hero,[]
festive,[]
pancakes,[]
capetown,[]
backtoback,[]
pumpkinpatch,[]
bangkok,[]
surflinelocalpro,[]
selfiekid,[]
china,[]
watchlikeaking,[]
waltdisneyworld,[]
chewbacca,[]
happymothersday,[]
longweekend,[]
celebration,[]
justbrimleythings,[]
kids,[]
fitnessgirl,[]
frenchbulldognation,[]
glutenfree,[]
naturel,[]
extremesports,[]
leaves,[]
economics,[]
greatwall,[]
tv,[]
nationalpuppyday,[]
performixdrivenlifestyle,[]
latergram,[]
mentor,[]
smoke,[]
capesolander,[]
miamibeach,[]
military,[]
puppylove,[]
bbsapproved,[]
naturez,[]
rebel,[]
eyebrows,[]
thisischicago,[]
fantastic,[]
newyorkcity,[]
bengalcat,[]
mobility,[]
greatwallofchina,[]
sundayfunday,[]
energyboost,[]
exercise,[]
nationalbeerday,[]
patience,[]
stephenhawking,[]
newquay,[]
insta,[]
meats,[]
stern,[]
bringyourdreams,[]
bt,[]
fullbodyworkout,[]
landscape,[]
sohostrengthlab,[]
sanantonio,[]
army,[]
alligator,[]
pecanchickensalad,[]
hospital,[]
hungry,[]
worldsurfleague2017,[]
cali,[]
foster,[]
music,[]
teddybear,[]
burjkhalifa,[]
strike,[]
indiana,[]
sexy,[]
commitment,[]
loveyou,[]
grassfed,[]
breathe,[]
strazcenter,[]
weeklyfluff,[]
coffeetalk,[]
icedcoffee,[]
baseballlife,[]
relax,[]
oscar,[]
haha,[]
lovethem,[]
amazonfresh,[]
berlin,[]
warm,[]
movienight,[]
pressplay,[]
siblings,[]
nationaldrivethruday,[]
kingstachechallenge,[]
tariff,[]
nintendoswitch,[]
tampa,[]
me,[]
happyhalloween,[]
peekaboo,[]
bunnies,[]
word,[]
seeulater,[]
skipping,[]
mm,[]
work,[]
eclipse,[]
comingtomorrow,[]
roof,[]
movies,[]
goodvibes,[]
lalife,[]
guethary,[]
oprahwinfrey,[]
my,[]
presidenttrump,[]
rhodeisland,[]
saturdaynight,[]
vodka,[]
foodie,[]
hangingout,[]
pooped,[]
pie,[]
skateboard,[]
energizado,[]
india,[]
darthvader,[]
skyporn,[]
motivated,[]
santorini,[]
want,[]
grilleddogs,[]
queenelizabeth,[]
lovinglife,[]
drive,[]
uae,[]
flipacoinday,[]
motion,[]
loadedpotatobites,[]
thisorthatthursday,[]
recovery,[]
burgwich,[]
33days,[]
travel,[]
instapuppy,[]
nuts,[]
papadukes,[]
eno,[]
amazing,[]
shred,[]
neveragain,[]
cattitude,[]
yum,[]
hi,[]
bokeh,[]
beach,[]
mexicocity,[]
pizza,[]
wahine,[]
mueller,[]
thewhitehouse,[]
beauty,[]
bday,[]
after,[]
linkinbio,[]
scottsdale,[]
thankyou,[]
jumping,[]
lax,[]
igers,[]
frenchies,[]
president,[]
nationalicedteaday,[]
ovo,[]
selfies,[]
hamsters,[]
happyvalentinesday,[]
nike,[]
pumpkinspiceoreoshake,[]
deliciouslunchbreak,[]
justinbieber,[]
greek,[]
green,[]
scarf,[]
goodbye,[]
papeete,[]
leggings,[]
surfgirl,[]
wind,[]
wine,[]
riri,[]
01426,[]
office,[]
streetstyle,[]
turkeyclub,[]
sigmachi,[]
usmilitary,[]
babyshower,[]
london,[]
palena,[]
autumnleaves,[]
japan,[]
beachlife,[]
nets,[]
mayor,[]
before,[]
reelbigfillet,[]
symmetry,[]
fit,[]
chinchillagram,[]
socialmedia,[]
denver,[]
damascus,[]
romeo,[]
wellness,[]
resistancebands,[]
thegreatist,[]
coffee,[]
iowa,[]
tourist,[]
mswphotooftheday,[]
workout,[]
safe,[]
oceanmeat,[]
charliebrown,[]
cuties,[]
thingsarelookingup,[]
therapy,[]
boardgames,[]
climacool,[]
baking,[]
cutepuppies,[]
bootcamp,[]
tourism,[]
silver,[]
tksbro,[]
petsofig,[]
oneanddone,[]
netherlands,[]
double,[]
meat,[]
allisonjanney,[]
bluemoon,[]
thevaultweightliftingclub,[]
l,[]
detroit,[]
brooklynbarbellclub,[]
crossfit,[]
good,[]
victory,[]
fitness,[]
addicted,[]
santamarta,[]
thiscouldbeus,[]
winteriscoming,[]
meal,[]
zen,[]
nokidhungry,[]
theworld,[]
telescope,[]
beverlyhillshotel,[]
knockout,[]
tgifriday,[]
spider,[]
sled,[]
mickeymantle,[]
hairstyles,[]
milan,[]
navy,[]
sharingiscaring,[]
dawn,[]
saturday,[]
thefrenchiepost,[]
gf4f,[]
markhamill,[]
rp,[]
piemadewithtwix,[]
starwarsday,[]
oprah,[]
newyears,[]
kuwait,[]
beagoddess,[]
vibes,[]
trainers,[]
goretex,[]
orangelipstick,[]
safety,[]
pawty,[]
halloweencostume,[]
medicine,[]
surprise,[]
coffeegeek,[]
prank,[]
easylikesundaymorning,[]
gop,[]
frenchie,[]
foundation,[]
hillaryclinton,[]
arizona,[]
softball,[]
actofkindness,[]
fatherandson,[]
free,[]
coachella,[]
czechrepublic,[]
grumpycat,[]
masterpiece,[]
formation,[]
rain,[]
tacobell,[]
fromabove,[]
nationalbookloversday,[]
brrr,[]
braincancer,[]
mvp,[]
estcoast,[]
shibuya,[]
nationalchocolatechipcookieday,[]
atl,[]
days,[]
priorities,[]
weightloss,[]
atv,[]
flawless,[]
gyro,[]
funtimes,[]
w1d1am,[]
armtheanimals,[]
sodo,[]
hannibal,[]
bodygoals,[]
purpose,[]
couplegoals,[]
champs,[]
gazelle,[]
nhl,[]
unicorn,[]
dailypop,[]
homeagain,[]
hearing,[]
arborday,[]
tzatziki,[]
delicious,[]
cher,[]
sixers,[]
nazaboyz,[]
bluesky,[]
pancakeday,[]
nomakeup,[]
basketball,[]
americandream,[]
bbstv,[]
bigwavesurfer,[]
top,[]
engagement,[]
girls,[]
bitcoin,[]
tot,[]
electricvehicle,[]
compromise,[]
hollywood,[]
legs,[]
simonedelarue,[]
dogs,[]
kiwi,[]
streets,[]
bkpdpartner,[]
grandchildren,[]
baconking,[]
fosterkitten,[]
gym,[]
wisdom,[]
weightlifting,[]
cereal,[]
samplewholegrains,[]
nationalpretzelday,[]
scarborough,[]
donaldtrump,[]
toronto,[]
instaswell,[]
allyhatstyle,[]
dogwalk,[]
drose4,[]
instasurf,[]
nationalcoffeeday,[]
legsfordays,[]
ectocooler,[]
tree,[]
upintheair,[]
project,[]
vegasbaby,[]
guilt,[]
adizero,[]
hurley,[]
saturdaymorning,[]
nationalicecreamday,[]
kkwbeauty,[]
nextlevel,[]
captionthis,[]
realestate,[]
prankster,[]
bridge,[]
rad,[]
fashion,[]
backflipexit,[]
besttime,[]
presidentsday,[]
sundaymorning,[]
runner,[]
boston,[]
couldbetrue,[]
mind,[]
rockclimbing,[]
ginger,[]
acroyoga,[]
kyliecosmetics,[]
rat,[]
puppiesofinstagram,[]
rap,[]
timesaver,[]
naturelovers,[]
surftravel,[]
summerbody,[]
coffeeart,[]
strength,[]
outinmalibuatnobu,[]
vult,[]
burgers,[]
ohana,[]
that,[]
ashwednesday,[]
snow,[]
elegance,[]
performix,[]
myhero,[]
gingerbreadhouse,[]
onbreak,[]
traceadkins,[]
luxury,[]
rodents,[]
saturdayfun,[]
nightsky,[]
brockswell,[]
mensstyle,[]
municipionazare,[]
blue,[]
eentertainment,[]
stopmotion,[]
cannes,[]
holidaygifts,[]
tagforlikes,[]
limitless,[]
victoria,[]
whoppercrushwednesday,[]
germany,[]
perfomixdriven,[]
honor,[]
hide,[]
doglovers,[]
performixolympia,[]
coffeebar,[]
glow,[]
singer,[]
takemetoparis,[]
treats,[]
newyearaction,[]
doglover,[]
hugewaves,[]
playhardliveharder,[]
workoutmotivation,[]
dog,[]
scottpruitt,[]
redcarpetready,[]
seki,[]
speedtakes,[]
mizx500,[]
catlady,[]
tech,[]
sanktpeterburg,[]
pineapple,[]
sanborondon,[]
hotdog,[]
12daysofbbs,[]
reserve,[]
perspective,[]
g650,[]
bomb,[]
inspire,[]
pope,[]
bestbooks2015,[]
chrisbrown,[]
bluewater,[]
queen,[]
goodlife,[]
papdukes,[]
piday,[]
helpyourself,[]
chandelier,[]
askforthesauce,[]
asia,[]
surfingphotography,[]
earth,[]
whitehouse,[]
palmbeach,[]
sweats,[]
sunsets,[]
fryday,[]
layout,[]
photobomb,[]
greenbay,[]
menu,[]
weekends,[]
lookoftheday,[]
bestattitudeever,[]
minnesota,[]
womenshealth,[]
sixpackfemme,[]
rihanna,[]
caffeinedaily,[]
standuppaddle,[]
tasteisking,[]
bliss,[]
rich,[]
chipotle,[]
msdstrong,[]
toptags,[]
carbone,[]
nomnom,[]
totherescue,[]
cappuccino,[]
dj,[]
whopper,[]
colorful,[]
magicseaweed,[]
nightswatch,[]
de,[]
stop,[]
dc,[]
cardinals,[]
giveaway,[]
pocket,[]
upperbody,[]
amazon,[]
saveme,[]
watermelon,[]
goodtimes,[]
wedding,[]
picstitch,[]
midterms,[]
governmentshutdown,[]
turkeyroasters,[]
marketfresh,[]
qotd,[]
superheroday,[]
bar,[]
gamenight,[]
greens,[]
gogetthem,[]
tweegram,[]
summerbreak,[]
mummy,[]
animation,[]
pretzel,[]
taxday,[]
gameon,[]
bag,[]
bae,[]
mizxflux,[]
cutestpets,[]
steak,[]
july4th,[]
newstudiocomingsoon,[]
islandgirl,[]
throwbackthursdays,[]
disaster,[]
fullsession,[]
furrendsupclose,[]
lovewhatyoudo,[]
fluffy,[]
bluelicious,[]
nationalhotdogday,[]
happysunday,[]
yeezyboost350,[]
meangirls,[]
resist,[]
30minworkout,[]
goodnight,[]
full,[]
happythanksgiving,[]
italia,[]
fail,[]
lyndacarter,[]
bk,[]
yes,[]
best,[]
brazil,[]
peta,[]
midtown,[]
davidcassidy,[]
dogsofig,[]
nationalbestfriendday,[]
gentleman,[]
sweden,[]
frenchdip,[]
jewjetter,[]
grandmother,[]
mud,[]
mug,[]
merrychristmas,[]
olympics,[]
teaching,[]
pets,[]
prada,[]
runbabyrun,[]
facemask,[]
newfitness,[]
focusfriday,[]
lotd,[]
mickeymouse,[]
warrior,[]
lazy,[]
omg,[]
bwwt,[]
nature,[]
zx8000,[]
team,[]
likefatherlikeson,[]
secretaryofstate,[]
waterphotography,[]
budlight,[]
boss,[]
october2017,[]
we,[]
harvard,[]
aquarium,[]
wtf,[]
dedication,[]
news,[]
happyhumpday,[]
hills,[]
climate,[]
eggnog,[]
chicagobulls,[]
fnp,[]
howdoyoubk,[]
country,[]
sunrays,[]
ncaa,[]
muglife,[]
adventures,[]
cuddles,[]
friendsforever,[]
games,[]
trumptower,[]
casasurfhouse,[]
kourtneykardashian,[]
pita,[]
makethemostofit,[]
carbon38,[]
trainingday,[]
wsl,[]
xxlnominee2010,[]
robertobolle,[]
tone,[]
surfingphptography,[]
pose,[]
tmnt,[]
bemorehuman,[]
bigwave,[]
mer,[]
tripleberryshake,[]
slrescue,[]
benimoto,[]
active,[]
matte,[]
balharbour,[]
upperbodyworkout,[]
kettlebells,[]
pregnancy,[]
marykatrantzou,[]
bethechange,[]
dogoftheday,[]
gratitude,[]
noequipment,[]
carvemag,[]
christmascard,[]
instagramstory,[]
beef,[]
amazonfinds,[]
mindfulness,[]
forumhi,[]
cinnabon,[]
yumyum,[]
beer,[]
bees,[]
november2017,[]
yeezyseason3,[]
flexible,[]
zxflux,[]
napkinart,[]
idol,[]
life,[]
findyourstrength,[]
relaxing,[]
civilwar,[]
igfamous,[]
skipit,[]
nationalappleturnoverday,[]
keepcalm,[]
yorkiepuppy,[]
coffeedate,[]
lift,[]
fotografia,[]
chile,[]
child,[]
trainanywhere,[]
aviation,[]
polinesiafrancesa,[]
haters,[]
spin,[]
candycane,[]
feelings,[]
chill,[]
princeharry,[]
stregis,[]
nofilters,[]
roastbeef,[]
keyshiacole,[]
bullseyeglassco,[]
capitolhill,[]
hat,[]
barkbox,[]
jams,[]
kentucky,[]
excited,[]
throwingitback,[]
payattention,[]
gotchaday,[]
teachers,[]
cleaneating,[]
shipsternsbluff,[]
mardocelar,[]
balance,[]
flooding,[]
inspired,[]
chilling,[]
slc,[]
seascapes,[]
pearlharbor,[]
surfcamp,[]
takemeback,[]
mexico,[]
worldcup,[]
is,[]
sushi,[]
it,[]
redbottoms,[]
ohyeah,[]
notonmywatch,[]
twinning,[]
tacotonguetuesday,[]
southbeach,[]
in,[]
cook,[]
followback,[]
nationalsandwichday,[]
seattle,[]
mouse,[]
ig,[]
trainhard,[]
proilhasurfboards,[]
memorial,[]
bossbabe,[]
seashore,[]
coastguard,[]
justintrudeau,[]
polaroid,[]
iloveyou,[]
eastcoastbound,[]
complex,[]
themoreyouknow,[]
split,[]
babies,[]
big,[]
nationalgrilledcheeseday,[]
milkshake,[]
lisafrank,[]
superman,[]
stopbullying,[]
bunny,[]
beachvibes,[]
riseupteam,[]
meets,[]
businessclass,[]
croptop,[]
trainlikeanangel,[]
lifegoals,[]
noregrets,[]
sacramento,[]
swell,[]
mustacheyouaquestion,[]
goldenglobe,[]
springtime,[]
okweredone,[]
todayshow,[]
likeag6,[]
waterfall,[]
sleepingbeauty,[]
bestoftheday,[]
jealous,[]
sprinkles,[]
tuna,[]
opportunity,[]
kid,[]
wookiee,[]
vermont,[]
java,[]
instafollow,[]
congrats,[]
drip,[]
ocean,[]
mia,[]
rome,[]
whoppersign,[]
mother,[]
keyshiacoles,[]
alabama,[]
jamiemitchell,[]
instamood,[]
epa,[]
snowman,[]
aviationislife,[]
unemployment,[]
winterweather,[]
photo,[]
sanjuan,[]
sleepy,[]
747warehousest,[]
rodent,[]
quotes,[]
shoudlers,[]
spoiled,[]
openingday,[]
thanks,[]
facts,[]
playtime,[]
smoothies,[]
stlucia,[]
batmanday,[]
repost,[]
loveher,[]
broncos,[]
stansmith,[]
adidas,[]
beforework,[]
photographer,[]
1anoatras,[]
royal,[]
wings,[]
blackfriday,[]
calico,[]
retreat,[]
innocent,[]
prison,[]
tow,[]
stillhauntsme,[]
save,[]
bencarson,[]
youarefuckingawesome,[]
citylife,[]
thesurfjournal,[]
yeezys,[]
menorah,[]
meghanmarkle,[]
lightsaber,[]
childishgambino,[]
rawnuncut,[]
arab,[]
gameboy,[]
beast,[]
motivationalspeaker,[]
fridayfunday,[]
performance,[]
judge,[]
shadow,[]
unique,[]
ornaments,[]
dreams,[]
santamonica,[]
cuddle,[]
gift,[]
shade,[]
nude,[]
fordmustang,[]
orlando,[]
winterfun,[]
yourbodyisyourbarbell,[]
faceyourfear,[]
fridayindulgence,[]
night,[]
icebucketchallenge,[]
security,[]
familiamormaii,[]
cirrus,[]
yumbo,[]
songsfromscratch,[]
butterfly,[]
old,[]
deal,[]
people,[]
artbasel,[]
smoosh,[]
almosthasgoodasnyc,[]
mormaiinow,[]
bblogger,[]
fcs,[]
election,[]
poolside,[]
nationalcameraday,[]
leanin,[]
americanflag,[]
tutorial,[]
ladyinred,[]
theatre,[]
christianlouboutin,[]
purple,[]
bestshapesever,[]
fox,[]
halloweenwhopper,[]
ice,[]
blackpanther,[]
jelka,[]
filming,[]
icy,[]
sotu,[]
dreambig,[]
internationalbaconday,[]
adorable,[]
christmas,[]
espionage,[]
360magazine,[]
core,[]
cityscape,[]
beetus,[]
ww2,[]
ballerinas,[]
zicatela,[]
lovenature,[]
blooper,[]
lafamilia,[]
cataratasdenazar,[]
lifesavers,[]
timesup,[]
stylish,[]
videooftheday,[]
arbyssign,[]
super,[]
mbambassador,[]
holidayspirit,[]
oreo,[]
hard,[]
americangirl,[]
bigsurf,[]
cowboy,[]
valentinesday,[]
valentines,[]
savetheworld,[]
assault,[]
burbank,[]
sweater,[]
heatnation,[]
dinner,[]
nycfitness,[]
afternoon,[]
horizon,[]
donuts,[]
excellent,[]
gingerbread,[]
dairyfree,[]
curry,[]
freesameday,[]
guncontrol,[]
facetime,[]
duke,[]
curlyfryday,[]
indians,[]
enetwork,[]
gaintrick,[]
logo,[]
selfie,[]
rearview,[]
son,[]
foxnews,[]
thankful,[]
sos,[]
meow,[]
bats,[]
xmastree,[]
truelife,[]
endoftheroad,[]
amsterdam,[]
cagon,[]
unitedkingdom,[]
abscheck,[]
tips,[]
backtothefuture,[]
livelikejay,[]
flying,[]
transform,[]
fight,[]
summervibes,[]
fanenough,[]
dowhatyoulove,[]
bigrider,[]
dailyfluff,[]
dank,[]
mannysbuddyoftheweek,[]
livinthedream,[]
war,[]
flyingknee,[]
happy,[]
head,[]
grandturkeyclub,[]
spezial,[]
snowy,[]
batman,[]
tigers,[]
fireworks,[]
gymdomination,[]
forever,[]
bengals,[]
empirestatebuilding,[]
heat,[]
bigwavesurfing,[]
johnlewis,[]
lovebug,[]
palmademallorca,[]
victoriasecretangels,[]
true,[]
danceworkslondon,[]
sxsw2018,[]
surfphotographer,[]
catsinboxes,[]
samrockwell,[]
bigriders,[]
heartwarming,[]
newyearsday,[]
lovelife,[]
whiskey,[]
thegoat,[]
robertocavalli,[]
boomerang,[]
fitnessfashion,[]
billdeblasio,[]
nationaltacoday,[]
wavephotography,[]
youdoyou,[]
allday,[]
nomorepics,[]
bodybysimone,[]
classic,[]
tesla,[]
secondamendment,[]
mirror,[]
bringiton,[]
bluesea,[]
kellyanneconway,[]
nailedit,[]
wonderland,[]
coastside,[]
saltwater,[]
michaelcohen,[]
prayer,[]
peahi,[]
hurricanemaria,[]
check,[]
angels,[]
adelaide,[]
holla,[]
nj,[]
legallyblonde15,[]
balanceofopposites,[]
no,[]
daca,[]
nc,[]
handmade,[]
actor,[]
reality,[]
flood,[]
pasadena,[]
redvelvet,[]
travelgram,[]
ferrari,[]
oceanbeach,[]
fashionweek,[]
scored,[]
vegaslife,[]
fridaymood,[]
brothers,[]
phoenix,[]
irma,[]
models,[]
why,[]
football,[]
musicmidtown,[]
taiocruz,[]
internationalwomansday,[]
hipster,[]
yogaeverydamnday,[]
amazonaddict,[]
noshame,[]
jetsetterproblems,[]
hedgehogs,[]
snooze,[]
detox,[]
weekend,[]
coffeetime,[]
ondas,[]
for,[]
justdance,[]
potato,[]
imaginedby,[]
fiercewomen,[]
connecticut,[]
daily,[]
bigswell,[]
4thofjuly,[]
gorilla,[]
mygirl,[]
loadedcurlyfries,[]
cheesytotsareback,[]
workmode,[]
time,[]
womensday,[]
friendsgiving,[]
nothingtoseehere,[]
drivethru,[]
nbaallstar,[]
shop,[]
coach,[]
cincinnati,[]
fitfam,[]
blackandwhite,[]
everylifematters,[]
dance,[]
heavymetalmusicandpinkshoes,[]
medball,[]
slicingupfreshness,[]
focus,[]
goldengatebridge,[]
avalanche,[]
skate,[]
comments,[]
grateful,[]
skiing,[]
battle,[]
shot,[]
fitnessgear,[]
creative,[]
eatsweatlove,[]
milk,[]
row,[]
thursdaythoughts,[]
jesuschrist,[]
venice,[]
yummy,[]
goallin,[]
eyesupriseup,[]
actionshot,[]
colombuscircle,[]
bestpicture,[]
father,[]
maralago,[]
environment,[]
adicolor,[]
corestrength,[]
badday,[]
firstlike,[]
golden,[]
lastwinter,[]
winter2018collection,[]
veterans,[]
ride,[]
shoot,[]
joblove,[]
causeifeltlikeit,[]
lovefood,[]
gangstacat,[]
navajopanther,[]
vegan,[]
tacos,[]
hardwork,[]
paraiso,[]
vegas,[]
ghostbusters,[]
kitten,[]
lefthandersday,[]
trouble,[]
internationalwomensday,[]
cool,[]
metoo,[]
earthday,[]
clouds,[]
letsgo,[]
vanityfair,[]
philippines,[]
mb,[]
peeps,[]
hawaii,[]
gatto,[]
hooray,[]
arbys,[]
justinharrisonproductions,[]
curvywomen,[]
diy,[]
wackywednesday,[]
ukrasizajelku,[]
sloths,[]
rabbits,[]
eagles,[]
fatloss,[]
girlpower,[]
starwars,[]
runfortheoceans,[]
palacexadidas,[]
brava,[]
minion,[]
goodfriday,[]
eyeshadow,[]
readyforspring,[]
kimkardashian,[]
sign,[]
chemicalweapons,[]
surfingdocumentary,[]
takeoff,[]
shaunwhite,[]
statedinner,[]
bklazy,[]
yoda,[]
nosurprise,[]
drinks,[]
afghanistan,[]
boats,[]
nazare,[]
redmonsterteam,[]
stillgotit,[]
doglife,[]
bass,[]
redeyewear,[]
sixpack,[]
itsalive,[]
strongissexy,[]
ukrasi,[]
falling,[]
brooksbrothers,[]
boost,[]
instylemagazine,[]
healthyfood,[]
trainlife,[]
picoalto,[]
trampoline,[]
explosion,[]
icanteven,[]
runinrunway,[]
cutekittens,[]
makeup,[]
tasmania,[]
fridayfeeling,[]
french,[]
understanding,[]
water,[]
tongueout,[]
centralamerica,[]
baseball,[]
sblii,[]
bringbackthechickenfries,[]
instaanimals,[]
originalsparis,[]
tuxedocat,[]
teacher,[]
change,[]
beautyful,[]
box,[]
boy,[]
puppybowl,[]
fajitaflatbread,[]
7eleven,[]
healthy,[]
pearls,[]
elfontheshelf,[]
catnap,[]
guilty,[]
bow,[]
boysandgirlsclub,[]
carmel,[]
iwd2018,[]
boa,[]
coicommunity,[]
collegebasketball,[]
steveaoki,[]
taipei,[]
catshatemondays,[]
etihadairways,[]
firstlady,[]
love,[]
entertainmenttonight,[]
hiking,[]
extra,[]
emmanuelmacron,[]
freedomtower,[]
instax,[]
primaballerina,[]
parklandshooting,[]
flexibility,[]
patriots,[]
fbf,[]
ripcurl,[]
frenchiesofig,[]
catoftheday,[]
fbi,[]
roadtrip,[]
puremonstersound,[]
emmys,[]
jan13,[]
primeliving,[]
puppypower,[]
troops,[]
working,[]
amazeballs,[]
illusion,[]
brunomars,[]
nationalpetday,[]
france,[]
live,[]
xxl,[]
iphone,[]
peru,[]
tonguesouttuesday,[]
msg,[]
danceparty,[]
australian,[]
specialelection,[]
alltheyum,[]
pieceofaburger,[]
today,[]
eatclean,[]
montreal,[]
cutebaby,[]
sharing,[]
needcoffee,[]
cantwait,[]
freestyle,[]
lastminutecostume,[]
zx500,[]
wethotamericansummer,[]
empowerment,[]
oregon,[]
chocolate,[]
downtown,[]
dumbell,[]
idesofmarch,[]
eauyeahphotography,[]
victoriasecret,[]
swellchasers,[]
fly,[]
onpoint,[]
newdrpeppershake,[]
opioids,[]
tokyo,[]
snackercise,[]
car,[]
iceskating,[]
frozenlemonade,[]
abortion,[]
soul,[]
cat,[]
noexcuses,[]
birdsofinstagram,[]
fll,[]
surfersparadise,[]
bestanimal,[]
laughter,[]
likingpics,[]
aloyoga,[]
heart,[]
crazy,[]
shirtsoff,[]
marvel,[]
trump,[]
sphynxcat,[]
highheels,[]
december,[]
awesome,[]
speedread,[]
fuck,[]
nascar,[]
arbysbirthday,[]
begreattoday,[]
skydiving,[]
besomebodymovie,[]
bestdog,[]
philadelphiaeagles,[]
horseysauce,[]
justliving,[]
portraitmode,[]
spa,[]
cardio,[]
fitnessvacation,[]
pink,[]
behindthescenes,[]
rays,[]
winter,[]
fitsquad,[]
rentaruminant,[]
halloweencostumes,[]
thevault,[]
vegasstrong,[]
magazine,[]
nbaallstarnyc,[]
1,[]
sunday,[]
whopperwednesday,[]
elephant,[]
worldtraveler,[]
nyc,[]
newkicks,[]
photography,[]
economy,[]
mar,[]
coming,[]
altonsterling,[]
sacrifice,[]
underarmour,[]
zima,[]
latte,[]
hiddengems,[]
heartbreaking,[]
birthday,[]
popefrancis,[]
fitgirls,[]
virginiatech,[]
caroleking,[]
santaclaus,[]
heroes,[]
nomination,[]
grow,[]
lifting,[]
westpalmbeach,[]
nycdotgram,[]
surfing,[]
wildanimals,[]
remember,[]
80,[]
hanukkah,[]
instagramnyc,[]
wheelchair,[]
zachlavine,[]
rollin,[]
beehive,[]
gap,[]
mango,[]
jail,[]
sn,[]
marriageequality,[]
goingbig,[]
clover,[]
fireball,[]
firststarbucks,[]
sf,[]
perfection,[]
cute,[]
comfort,[]
topdogsofinstagram,[]
womensrights,[]
haircut,[]
midnight,[]
washingtondc,[]
buckinghampalace,[]
stability,[]
lsu,[]
inspo,[]
shake,[]
kanye,[]
cold,[]
doneanddone,[]
birds,[]
gramthat,[]
ellemagazine,[]
police,[]
nationalcerealday,[]
curly,[]
smoothie,[]
fitsporation,[]
daddysgirl,[]
curls,[]
hot,[]
startrek,[]
gobigorgohome,[]
gymnika,[]
window,[]
anarchyabs,[]
celebrate,[]
scaryclownnight,[]
originalsberlin,[]
laborday,[]
coi,[]
texas,[]
nom,[]
youareawesome,[]
superbluebloodmoon,[]
views,[]
snowday,[]
evolution,[]
lunch,[]
nationaljellybeanday,[]
lindseygraham,[]
safari,[]
whatsgoingon,[]
not,[]
bath,[]
twilight,[]
instagain,[]
halo,[]
smiles,[]
whereshugo,[]
equality,[]
mahalokeakua,[]
whopperrito,[]
pushupchallenge,[]
deckthehalls,[]
orangelips,[]
selfcaretips,[]
fisherman,[]
stockholm,[]
chinrubs,[]
beautifulview,[]
springtraining,[]
photoshoot,[]
alltheboyswentbig,[]
x17,[]
turtle,[]
republican,[]
911,[]
sweettooth,[]
elephants,[]
mancrushmonday,[]
beforeandafter,[]
yeah,[]
nyfw,[]
doubletrouble,[]
altagai,[]
fires,[]
happynationaldogday,[]
likeaboss,[]
zebra,[]
carnaval2017,[]
straycat,[]
girl,[]
workweek,[]
cybermonday,[]
fitfashion,[]
sunrise,[]
canada,[]
sessaodecarnaval,[]
space,[]
pentagon,[]
oklahoma,[]
squared,[]
increase,[]
cantabriainfinita,[]
investigation,[]
nationalsiblingday,[]
lovered,[]
womancrushwednesday,[]
humpday,[]
finalsweek,[]
lgbtq,[]
supercolor,[]
johnkelly,[]
housemadechips,[]
cars,[]
calicocats,[]
sandyhook,[]
dailyreminder,[]
happy4th,[]
bostonterrier,[]
bodyboarding,[]
allstar,[]
mbsurf,[]
california,[]
puppyplay,[]
grandma,[]
pushupweek,[]
nationalhatday,[]
marine,[]
theedit,[]
xfactor,[]
care,[]
wayoflife,[]
training,[]
brasil,[]
carnival,[]
openingceremony,[]
handstand,[]
begrateful,[]
punk,[]
tbt,[]
cowboyhat,[]
fabletics,[]
silhouettes,[]
keyshiacoleconcert,[]
winwin,[]
massive,[]
swing,[]
youdesreveit,[]
clevelandindians,[]
view,[]
cutedogs,[]
teammates,[]
cheese,[]
traveltiptuesday,[]
tennis,[]
nationaldessertday,[]
americana,[]
roswell,[]
guineapig,[]
rachel,[]
one,[]
doubleup,[]
latteart,[]
fast,[]
2ndleg,[]
backyard,[]
vote,[]
message,[]
fiji,[]
cheesy,[]
sheep,[]
city,[]
little,[]
bocaraton,[]
goodmoodfood,[]
takethepicturealready,[]
lavacaxxly,[]
1x,[]
caught,[]
mybabygirl,[]
bahamas,[]
fml,[]
2,[]
uglysweater,[]
stuffed,[]
nationalguard,[]
white,[]
anguilla,[]
redlips,[]
picoftheday,[]
friend,[]
l4l,[]
meme,[]
nutrition,[]
eyes,[]
trainerlife,[]
summertime,[]
gunreform,[]
frenchbullys,[]
season,[]
moscow,[]
pnw,[]
snatch,[]
massages,[]
goodsurfgoodlove,[]
push,[]
mylife,[]
butt,[]
montauk,[]
breakfromyourroots,[]
stellafurlanfotografia,[]
flowers,[]
lawenforcement,[]
abbodysquad,[]
boyfriend,[]
celebritytrainer,[]
10,[]
topcatphoto,[]
bored,[]
workoutwear,[]
18,[]
buzzfeed,[]
nowplaying,[]
broughtback,[]
coats,[]
legacy,[]
trickortreat,[]
greatidea,[]
nationalpizzamonth,[]
werk,[]
marines,[]
nofilter,[]
russia,[]
and,[]
sunnyday,[]
coconut,[]
angel,[]
strengthtraining,[]
harpersbazaar,[]
premier,[]
ameoquevcfaz,[]
sad,[]
dash,[]
redlipstick,[]
pastry,[]
watchout,[]
justintimberlake,[]
breakfast,[]
recover,[]
slab,[]
marathon,[]
zx420,[]
calisthenics,[]
squat,[]
itsabear,[]
wcw,[]
fashionable,[]
personaltrainer,[]
warriors,[]
veteran,[]
motobutts,[]
consortium,[]
palmtree,[]
zoo,[]
winkingbagel,[]
gotham,[]
squad,[]
happynewyear,[]
legday,[]
grammys,[]
shoudhavemadeitanarbysnight,[]
surf,[]
setlife,[]
healing,[]
converse,[]
internationalcatday,[]
tlks,[]
happymonday,[]
track,[]
activeight2016,[]
hometown,[]
tksgod,[]
abfab,[]
falls,[]
truelove,[]
usarmy,[]
donation,[]
cuteanimals,[]
mate,[]
gooddayny,[]
gopats,[]
america,[]
queens,[]
picture,[]
triplelead,[]
uluwatu,[]
failure,[]
sagradafamilia,[]
seafood,[]
proud,[]
petsofinstagram,[]
sale,[]
visitnazare,[]
noquierovolver,[]
instacool,[]
sunset,[]
soho,[]
redchargers,[]
like4like,[]
fallisintheair,[]
wonderful,[]
sundaymood,[]
playoffs,[]
beckham,[]
straycats,[]
meatballs,[]
makeawish,[]
recipe,[]
imback,[]
lifesled,[]
bright,[]
shoe,[]
highkick,[]
pump,[]
spacex,[]
fno,[]
bigwaves,[]
maine,[]
beyourway,[]
yeezyboost,[]
deportation,[]
performixteam,[]
snack,[]
nationalcookieday,[]
factssss,[]
icecream,[]
hungryforhappiness,[]
broome,[]
3,[]
nationalpizzaday,[]
crime,[]
upsidedowntuesday,[]
woof,[]
bugslife,[]
black,[]
hockey,[]
ifeelspecial,[]
mfw15,[]
timesquare,[]
houndofthesea,[]
ladyboss,[]
itsagirl,[]
awareness,[]
pumpkin,[]
nationaldonutday,[]
palmsprings,[]
robertmueller,[]
goodluck,[]
surfparty,[]
knowledgeispower,[]
freezing,[]
mrporter,[]
squishyfaces,[]
ssl,[]
ilovecats,[]
timessquare,[]
nobu,[]
progress,[]
ali,[]
hohoho,[]
candles,[]
puppynaps,[]
gerbils,[]
roadster,[]
lovewins,[]
prime,[]
manager,[]
bbsteam,[]
bomba,[]
audiblechannels,[]
artist,[]
frustrated,[]
wwe,[]
catlove,[]
faithhill,[]
attitude,[]
joebiden,[]
morning,[]
skyline,[]
francesmcdormand,[]
inbloom,[]
ilovemydog,[]
dancecardio,[]
chicagocubs,[]
xmas,[]
husband,[]
learn,[]
picnic,[]
concert,[]
espn,[]
espa,[]
instapic,[]
superdry,[]
letitgo,[]
up,[]
schoolsafety,[]
longisland,[]
college,[]
sementesurfboards,[]
shinyaf,[]
sport,[]
happystpatricksday,[]
wonderwoman,[]
polishpower,[]
palette,[]
brave,[]
camping,[]
thebest,[]
harvey,[]
cleaning,[]
knoxville,[]
catsofig,[]
caturday,[]
colours,[]
enough,[]
chewy,[]
netaporter,[]
skyscraper,[]
facebooklive,[]
fearless,[]
elnino2009,[]
chocolatechipcookie,[]
dreamer,[]
theright,[]
underarmourwomen,[]
onionrings,[]
infrastructure,[]
jobs,[]
leonardodicaprio,[]
jt,[]
surfista,[]
vatican,[]
yumm,[]
26,[]
docupcakescount,[]
oahu,[]
guitar,[]
awards,[]
beachday,[]
jj,[]
iniki,[]
australiaday,[]
hydrate,[]
realitytv,[]
sneaker,[]
jfk,[]
lavacagigante,[]
washingtonstate,[]
superstar,[]
bbsnyc,[]
bigwavetour,[]
instadog,[]
deportes,[]
chelsea,[]
givemesome,[]
nationalanthem,[]
comey,[]
workplace,[]
redbullcapefear,[]
bbs,[]
senator,[]
railway,[]
brimley,[]
expression,[]
riseupwax,[]
thebettermanproject,[]
pakistan,[]
sotired,[]
squishyfacecrew,[]
paddlebigwave,[]
newyearseve,[]
cancer,[]
strangerthings,[]
color,[]
avocado,[]
genial,[]
cremebrulee,[]
putinthework,[]
twin,[]
pipernavajopanther,[]
jsl,[]
supercute,[]
goldsgym,[]
homebrew,[]
olift,[]
poll,[]
gabrielsodrebjj,[]
roastbeefatopia,[]
boat,[]
coffeemaker,[]
turkey,[]
mare,[]
teammate,[]
vogueaustralia,[]
primephotos,[]
stretch,[]
swift,[]
porsche,[]
liveyourbestlife,[]
vacation,[]
sweetsummertime,[]
tropical,[]
bucketlist,[]
barre,[]
travellingyogi,[]
peaceful,[]
living,[]
mondayvibes,[]
trickortreatyoself,[]
nationalcheeseburgerday,[]
kygo,[]
ontrend,[]
loveyourself,[]
shopping,[]
andyspeer,[]
realtalk,[]
fitspiration,[]
wanty,[]
eddieaikau2016,[]
singalong,[]
flatfaceproblems,[]
olympiclift,[]
tiger,[]
soexcited,[]
curlyfries,[]
wake,[]
bmw,[]
hashtag,[]
standup,[]
teamburger,[]
hardcore,[]
subscribeandsave,[]
travelling,[]
rainboots,[]
naughtylist,[]
soccer,[]
straighthair,[]
adamrippon,[]
spiderman,[]
reebok,[]
cash,[]
mothersdaygift,[]
saysomething,[]
beautytips,[]
editorial,[]
lazyday,[]
coco,[]
weekendworkout,[]
dreamteam,[]
penthouse,[]
theinertia,[]
walktheline,[]
ontheroad,[]
philcollins,[]
workhardplayhard,[]
sleeping,[]
couples,[]
nationalcoldcutsday,[]
clutter,[]
lavacaxxl,[]
heels,[]
kenya,[]
zx5000,[]
technology,[]
ivy,[]
bengalsofinstagram,[]
troublemaker,[]
reeses,[]
throwbackthursday,[]
doctor,[]
townandcountry,[]
enoughsaid,[]
atlanticocean,[]
reesewitherspoon,[]
femaleempowerment,[]
arbyscurlyfries,[]
loveit,[]
pushup,[]
nelscottreefsurf,[]
sweetdreams,[]
ionbanner,[]
westelm,[]
almostfriday,[]
bewellbykelly,[]
mallorca,[]
unknownsurfer,[]
putin,[]
screenshot,[]
singapore,[]
hunter,[]
motherson,[]
preach,[]
cheers,[]
kubo,[]
running,[]
fruit,[]
westvirginia,[]
billygraham,[]
thebigdogshow,[]
climbing,[]
purplerainforever,[]
jalapenohushpuppies,[]
tradition,[]
togetherness,[]
grumpy,[]
burrito,[]
bodybuildinhmotivation,[]
pennsylvania,[]
macro,[]
ranch,[]
okc,[]
lucky,[]
miadidas,[]
publicschools,[]
squadgoals,[]
relief,[]
gain,[]
nygiants,[]
model,[]
reward,[]
novogodisnjajelka,[]
taxi,[]
chuckschumer,[]
outdoor,[]
surfday,[]
dogsofinstagram,[]
truestory,[]
money,[]
dancers,[]
neon,[]
actress,[]
everythingblack,[]
dadjokes,[]
moonjaein,[]
missmila,[]
oscars2018,[]
peahichallenge,[]
flavor,[]
sideeye,[]
ithaca,[]
macncheetos,[]
ps4,[]
summer2015,[]
curlyhairstyles,[]
death,[]
ny,[]
thinking,[]
rose,[]
pups,[]
openallwinter,[]
firstdayofspring,[]
westhollywood,[]
jeremyscott,[]
morningcoffee,[]
floof,[]
perth,[]
4,[]
pow,[]
cirruspilot,[]
cutekids,[]
newyearnewyou,[]
auntieannes,[]
tuesday,[]
feminism,[]
happy4thofjuly,[]
swim,[]
withoutonion,[]
zion,[]
nativeamerican,[]
spectacular,[]
b52,[]
virginia,[]
thebigwavecommunity,[]
early,[]
summerfun,[]
traffic,[]
darn,[]
mom,[]
puertoescondido,[]
world,[]
railroad,[]
summerstyle,[]
blankets,[]
bunniesworldwide,[]
stopthemadness,[]
furniture,[]
satisfaction,[]
bbslondon,[]
achieve,[]
iphone6,[]
getit,[]
dusseldorf,[]
miracle,[]
lightning,[]
makeithappen,[]
benefit,[]
laughing,[]
glamsquad,[]
statigram,[]
givesyouwings,[]
burpees,[]
togetherstronger,[]
lifehacks,[]
learning,[]
grub,[]
doll,[]
madrid,[]
tvw,[]
beverlyhills,[]
competition,[]
squatlife,[]
royalfamily,[]
underthesea,[]
bombing,[]
workoutbuddy,[]
viral,[]
pilates,[]
caribbean,[]
mood,[]
notimpressed,[]
dressup,[]
memories,[]
shirtless,[]
jeffflake,[]
therealmikejones,[]
doggo,[]
moon,[]
lazysunday,[]
wildandfree,[]
harrystyles,[]
delayedreaction,[]
elementaryschool,[]
noway,[]
goirish,[]
vscocam,[]
itsaboy,[]
porter,[]
fuckedup,[]
director,[]
toocute,[]
latestpets,[]
kansas,[]
tomorrow,[]
sufbahia,[]
power,[]
fitminute,[]
nails,[]
f4f,[]
backto64,[]
royals,[]
polite,[]
wellwell,[]
nmd,[]
faroldanazare,[]
piper,[]
throwback,[]
thailand,[]
ringostarr,[]
beaches,[]
idonthavetwitter,[]
on,[]
oj,[]
roar,[]
island,[]
favorite,[]
stopdropandyoga,[]
amtrakcalifornia,[]
dibs,[]
peanutbutter,[]
jimmykimmellive,[]
ethereum,[]
cartier,[]
happyweekend,[]
familytime,[]
gunviolence,[]
elni,[]
frings,[]
fourthofjuly,[]
beatthecold,[]
tedaasas,[]
fundraising,[]
marshmallow,[]
bbc,[]
beefncheddar,[]
likeforfollowers,[]
blessed,[]
snapchat,[]
latenight,[]
feet,[]
nationalfriendshipday,[]
bedtime,[]
homeless,[]
parties,[]
jerusalem,[]
nossasenhoradanazare,[]
xbyo,[]
happyeaster,[]
fitlife,[]
cardsagainsthumanity,[]
inbullyswetrust,[]
suzuki,[]
maruru,[]
fanart,[]
catsofinstagram,[]
philadelphia,[]
lol,[]
disneyworld,[]
mylove,[]
cats,[]
mondays,[]
stars,[]
jaws,[]
fridaythe13th,[]
energy,[]
iwd,[]
talklikeapirateday,[]
rayban,[]
mornings,[]
chinnybuddy,[]
groan,[]
kittens,[]
mhfit,[]
roymoore,[]
seguraaspiruka,[]
eyeliner,[]
barrelland,[]
tampabay,[]
taxreform,[]
christmaseveeveeve,[]
fridaynight,[]
somewhereonlyweknow,[]
slowdown,[]
with,[]
bunnys,[]
handsome,[]
lashesonfleek,[]
romantic,[]
pharrell,[]
comics,[]
swole,[]
2016election,[]
donttalktothehand,[]
breaktheinternet,[]
vhs,[]
mixitup,[]
pyeongchang,[]
strawberry,[]
dirty,[]
wsgs,[]
mistycopeland,[]
abcnews,[]
grass,[]
amazonecho,[]
timwest,[]
required,[]
ad,[]
exhausted,[]
candymonth,[]
figureskating,[]
citation,[]
deer,[]
pawsomefrenchies,[]
watches,[]
fountainofyouth,[]
imagination,[]
britain,[]
leaveschanging,[]
tasty,[]
together,[]
smores,[]
girlfriend,[]
nikkihaley,[]
greatmemories,[]
strengthlabstrong,[]
xxl2018,[]
riseandgrind,[]
teamperformix,[]
nikonphotography,[]
legworkout,[]
payitforward,[]
animalspage,[]
istanbul,[]
onemonthtogo,[]
sposurfboards,[]
jenga,[]
weddingcake,[]
yogi,[]
ninaagdal,[]
cyberbullying,[]
event,[]
rawpower,[]
surfline,[]
5,[]
finishers,[]
dallaseuropa,[]
you,[]
puppy,[]
loadeditalian,[]
instafit,[]
sxsw,[]
togetherwerise,[]
alyraisman,[]
congress,[]
shelter,[]
juryduty,[]
vans,[]
gifts,[]
alarmclock,[]
massachusetts,[]
givethanks,[]
brotherhood,[]
cheddarpretzelnuggets,[]
potatocakes,[]
pool,[]
wildwednesday,[]
building,[]
birthdayboy,[]
magichour,[]
nationalcatday,[]
wife,[]
realtime,[]
jswings,[]
barcelona,[]
internationalbeerday,[]
lipstick,[]
christmastime,[]
itslit,[]
500px,[]
hiit,[]
missouri,[]
bullseyeglass,[]
12,[]
extreme,[]
coldbrew,[]
consultoriolagrange,[]
messi,[]
amazoncampus,[]
spca,[]
commute,[]
keepthedreamalive,[]
christmastree,[]
meditation,[]
day1,[]
lookatme,[]
children,[]
nojudgement,[]
thelastjedi,[]
peacedayburger,[]
redvelvetoreoshake,[]
apartment,[]
saltedcaramelshake,[]
hunting,[]
gymnast,[]
achristmasstory,[]
kyliejenner,[]
ryangosling,[]
thursday,[]
brickell,[]
mmmgood,[]
likeforlike,[]
present,[]
thingsorganizedneatly,[]
smile,[]
tb,[]
nixon,[]
hill,[]
puntadocas,[]
hardybody,[]
wealthteam,[]
song,[]
menshealth,[]
instamoments,[]
beyou,[]
instavideo,[]
jalape,[]
80smusicmakesmehappy,[]
justsayno,[]
fan,[]
bestie,[]
fall,[]
elonmusk,[]
birthdaygirl,[]
dapper,[]
faa,[]
ramen,[]
givingtuesday,[]
syracuse,[]
eclipse2017,[]
heaven,[]
columbine,[]
cable,[]
bbsstudios,[]
diet,[]
angus,[]
wsj,[]
tommyxgigi,[]
burritos,[]
circuit,[]
sand,[]
aximuniainsurfeskola,[]
happytimes,[]
small,[]
dunk,[]
cookies,[]
neighborhood,[]
instagram,[]
rainyday,[]
tea,[]
miamivice,[]
tardis,[]
hialeah,[]
burger,[]
grease,[]
design,[]
quebec,[]
flexfriday,[]
cleanyourwaytowhite,[]
dougjones,[]
nba,[]
choices,[]
casual,[]
bully,[]
jesus,[]
90s,[]
what,[]
abc,[]
sub,[]
menswear,[]
surfermag,[]
sun,[]
victorlopez,[]
anniversary,[]
crush,[]
jedi,[]
abs,[]
abt,[]
sup,[]
voguemagazine,[]
tribute,[]
racing,[]
guns,[]
movement,[]
malyland,[]
bigeyes,[]
iran,[]
simpsons,[]
flagday,[]
bowtie,[]
fave,[]
ballet,[]
instacoffee,[]
surfer,[]
ses,[]
popsugarfitness,[]
puppiesofig,[]
okmaybejustonepiece,[]
relaxation,[]
biebs,[]
november,[]
strong,[]
respect,[]
legend,[]
redhotchillipeppers,[]
spaday,[]
bible,[]
sanfrancisco,[]
sportscenter,[]
badblood,[]
cusco,[]
playbigger,[]
vegetarian,[]
stretching,[]
creepy,[]
pics,[]
mac,[]
airport,[]
pumpkins,[]
bulldogsofinstagram,[]
hamster,[]
survival,[]
derbyday,[]
travelworkout,[]
appleturnover,[]
vsit,[]
livemarley,[]
prophere,[]
trainer,[]
nothome,[]
extremesurf,[]
aria,[]
surflineswellstory,[]
family,[]
disneylandparis,[]
richkidsofinstagram,[]
africa,[]
strengthlabsoldier,[]
vip,[]
buzzfeedanimals,[]
toys,[]
peppermintstick,[]
ntc,[]
twb,[]
countdown,[]
mauicartel,[]
rickscott,[]
eye,[]
hollywoodbowl,[]
bbstravels,[]
hermes,[]
goodness,[]
fitnessmeetsfashion,[]
sauceology,[]
specialdelivery,[]
bunnymama,[]
nationalcheesepizzaday,[]
pikeplace,[]
gohawks,[]
moana,[]
gorgeous,[]
gulfstream,[]
strongertogether,[]
nazaremoments,[]
nationalpieday,[]
ilovenyc,[]
squatspo,[]
more,[]
horses,[]
belharra,[]
israel,[]
diamond,[]
knows,[]
ratking,[]
nevergiveup,[]
overpost,[]
drseuss,[]
flag,[]
mountaindew,[]
bbsdvd,[]
dior,[]
glam,[]
towsurf,[]
nbc,[]
tombrady,[]
karaoke,[]
dogsatamazon,[]
huffpostgram,[]
iaorana,[]
surfboard,[]
science,[]
beachbum,[]
huge,[]
mall,[]
nebraska,[]
fakenews,[]
holocaust,[]
michelleobama,[]
vagues,[]
youngpilots,[]
history,[]
beautiful,[]
ballerina,[]
743,[]
culvercity,[]
bffs,[]
sesamestreet,[]
share,[]
cinnamontoastcrunchshake,[]
socal,[]
autumn,[]
biden,[]
saudenatura,[]
loveofmylife,[]
celine,[]
please,[]
mozzarellasticks,[]
airplane,[]
dress,[]
liljetsetter,[]
pence,[]
triathlon,[]
goal,[]
thereisagod,[]
breaking,[]
iwillwhatiwant,[]
everyday,[]
greatmindsdressalike,[]
glowing,[]
athomeworkout,[]
hugs,[]
furpile,[]
browns,[]
gohardorgohome,[]
godblessamerica,[]
photooftheday,[]
coreworkout,[]
tide,[]
sandwich,[]
seoul,[]
iloveme,[]
pride2017,[]
kitty,[]
advice,[]
frenchiephotos,[]
entrepreneurship,[]
panoramic,[]
fb,[]
suitelife,[]
jerseyshore,[]
adventure,[]
ff,[]
waves,[]
healthylifestyle,[]
2016bestnine,[]
choice,[]
bloom,[]
plank,[]
tammyduckworth,[]
a,[]
treasuretruck,[]
ulta,[]
short,[]
latenightlift,[]
funday,[]
coat,[]
upsidedownlife,[]
author,[]
bugs,[]
primeday,[]
shore,[]
july11,[]
crafts,[]
waterpatrol,[]
pleasure,[]
primenow,[]
egg,[]
playing,[]
turnover,[]
doglove,[]
infant,[]
concretejungle,[]
help,[]
burn,[]
september,[]
essence,[]
fathersday,[]
chinesenewyear,[]
soon,[]
adoptdontshop,[]
trade,[]
happyplace,[]
thermal,[]
embassy,[]
filters,[]
garyoldman,[]
broadway,[]
mcdonalds,[]
rocks,[]
golfing,[]
bathtime,[]
iamperformixdriven,[]
style,[]
drose,[]
theperfectwave,[]
currentmood,[]
beyonce,[]
jalapenobites,[]
miamiheat,[]
trainsmart,[]
cometogether,[]
tradewar,[]
boneless,[]
pipeline,[]
argentina,[]
cutie,[]
sauce,[]
goodmorning,[]
bosslady,[]
evening,[]
papuanewguinea,[]
calm,[]
dusk,[]
garycohn,[]
food,[]
fashionfriday,[]
coffeerun,[]
delivered,[]
pattyjenkins,[]
marjorystonemandouglas,[]
pirate,[]
snowball,[]
allthewayup,[]
swipeleft,[]
starbucks,[]
wakeup,[]
inception,[]
mirainagasu,[]
amazonkindle,[]
shreddingforthewedding,[]
hotdogs,[]
porto,[]
thehills,[]
teamsandwich,[]
gogirl,[]
cutenessoverload,[]
lettuce,[]
sundays,[]
always,[]
puzzle,[]
gtlivefromthechannel,[]
drake,[]
events,[]
squishyface,[]
treatyoself,[]
inequality,[]
2a,[]
zipredariak,[]
paddlemavericks,[]
shocking,[]
beachtime,[]
friendship,[]
trailer,[]
chasingawave,[]
heavy,[]
towin,[]
whiskerwednesday,[]
england,[]
documentary,[]
lajedajagua,[]
smokehouseturkey,[]
house,[]
fish,[]
vannuys,[]
lucerne,[]
haircare,[]
nazar,[]
brother,[]
duchess,[]
jennifergarner,[]
backtowork,[]
aliencovenant,[]
tongueouttuesday,[]
tahiti,[]
garagechinn,[]
portland,[]
roomforonemore,[]
beyonc,[]
anarchy,[]
crossover,[]
hbteam,[]
flower,[]
nationalburgerday,[]
jamesbond,[]
olas,[]
ballin,[]
theweekendishere,[]
nepal,[]
theview,[]
congratulations,[]
health,[]
fitfitness,[]
7,[]
paradise,[]
worldsmileday,[]
riseupwaxteam,[]
surfresgate,[]
tysonritter,[]
highway,[]
subway,[]
navidad,[]
5for4,[]
breitling,[]
wisconsin,[]
atlanticcity,[]
quads,[]
ultraboost,[]
friday,[]
abudhabi,[]
story,[]
bulls,[]
ilovenewyork,[]
instapet,[]
toy,[]
cookie,[]
disneyland,[]
fleetwoodmac,[]
fitpro,[]
canon,[]
ash,[]
pup,[]
surfeurope,[]
firstclass,[]
praia,[]
mondaymorning,[]
service,[]
sugar,[]
launch,[]
finland,[]
parklandflorida,[]
fitnessaddict,[]
1yearago,[]
american,[]
broncoberrysauce,[]
w,[]
ar15,[]
shopsmall,[]
syria,[]
womeninbusiness,[]
shouldaletyougo,[]
driven,[]
virtualreality,[]
throwingshade,[]
sweaterweather,[]
winterolympics,[]
breakitdown,[]
brisket,[]
superbowl,[]
valentino,[]
twoface,[]
wewokeuplikethis,[]
guam,[]
collegefootball,[]
puppybath,[]
welcome,[]
valentine,[]
facemakeup,[]
eddieaikau,[]
revolution,[]
naturephotography,[]
shoethairdontcare,[]
traveler,[]
nationalmargaritaday,[]
miss,[]
nationalbeverageday,[]
villa,[]
mioalpha,[]
academyawards,[]
horse,[]
skylovers,[]
royalbaby,[]
reubensandwich,[]
kingshawaiian,[]
blossom,[]
makeupjunkie,[]
swipe,[]
nationaldogday,[]
comfy,[]
grindout,[]
daystoremember,[]
paint,[]
hedgehog,[]
fashioneditorial,[]
hamptons,[]
storm,[]
tapairportugal,[]
show,[]
mothersday,[]
flawlessmakeup,[]
scary,[]
banana,[]
ecuador,[]
mini,[]
gofurther,[]
natureza,[]
muscles,[]
halloweencandy,[]
relationship,[]
newweek,[]
freefries,[]
hotel,[]
park,[]
keepyourdreamsalive,[]
coffeegram,[]
teacherappreciationday,[]
livestream,[]
mermaid,[]
sweetpotato,[]
gopro4,[]
tfw,[]
believe,[]
stairs,[]
grace,[]
xmassday,[]
obama,[]
postworkout,[]
strighthair,[]
john,[]
onfire,[]
travelblogger,[]
powerplant,[]
trackandfield,[]
getaway,[]
bride,[]
express,[]
surflife,[]
marriage,[]
chickenbigking,[]
dryjuly,[]
outdoors,[]
kindle,[]
bigwaverider,[]
fluffball,[]
nationalpeanutbutterloversday,[]
charlotte,[]
motivation,[]
sbinla,[]
leaveusalone,[]
nominee,[]
usavsgermany,[]
mma,[]
1hotels,[]
magical,[]
juice,[]
victoriassecret,[]
takingapicture,[]
graffiti,[]
springbreak,[]
cantabria,[]
nationalschoolwalkout,[]
mycrew,[]
philly,[]
yesplease,[]
mountain,[]
2for10,[]
nomorepaparazzi,[]
catart,[]
dancing,[]
santassleigh,[]
self,[]
scotland,[]
camouflage,[]
flashbackfriday,[]
firstresponders,[]
liv,[]
barrysbootcamp,[]
surfinglife,[]
nalu,[]
sigmachisweetheart,[]
fitnessjourney,[]
oops,[]
flipyourhair,[]
stormydaniels,[]
play,[]
kittykisses,[]
rolltide,[]
nazarechallenge,[]
borderpatrol,[]
kai,[]
pitbull,[]
reunited,[]
fitchicks,[]
withlove,[]
yawn,[]
brooklyn,[]
cupcakes,[]
sponsored,[]
makeuplife,[]
treasure,[]
shorthair,[]
contest,[]
lazysaturday,[]
partnersincrime,[]
barackobama,[]
kimjongun,[]
bloomin,[]
adidasoriginals,[]
workhard,[]
sharkweek,[]
meatcraft,[]
saveourplanet,[]
moonshine,[]
clear,[]
chicago,[]
cover,[]
tarantino,[]
cutepuppy,[]
lounge,[]
berniesanders,[]
clean,[]
master,[]
igdaily,[]
chicity,[]
barrel,[]
greentree,[]
90210,[]
fotosdelavacagigante,[]
petstagram,[]
happyfathersday,[]
kennedycenterhonors,[]
teamusa,[]
golf,[]
perfectday,[]
gold,[]
newenglandpatriots,[]
traveltuesday,[]
familylove,[]
gerbil,[]
bodhi,[]
enfrentaeltemoryvivetussue,[]
igpetstars,[]
voudesub,[]
hungerhitshome,[]
paddle,[]
ootd,[]
bodybuildinh,[]
bodybuilding,[]
underdog,[]
wemakeitright,[]
trolls,[]
sisterlove,[]
mitraacademia,[]
fluffycat,[]
giant,[]
bff,[]
wipeoutoftheyear,[]
surfingmagazine,[]
wakeupandmakeup,[]
harrypotter,[]
savannah,[]
pretty,[]
arnoldschwarzenegger,[]
meatmountain,[]
billclinton,[]
nationalhighfiveday,[]
nationalbossday,[]
ovenroasted,[]
abworkouts,[]
dust,[]
gains,[]
dci2017,[]
stpatricksday,[]
sunny,[]
trees,[]
instacat,[]
primeknit,[]
famous,[]
feels,[]
courage,[]
firstpitch,[]
instacam,[]
damnit,[]
minniemouse,[]
theresamay,[]
mentaltoughness,[]
traveltips,[]
malpafish,[]
relationshipgoals,[]
warmup,[]
kendricklamar,[]
ilovemycat,[]
moneylaundering,[]
ahhhhh,[]
driveby,[]
celebs,[]
cutebabies,[]
caramel,[]
wintersolstice,[]
hike,[]
switzerland,[]
river,[]
celeb,[]
fallishere,[]
2ndamendment,[]
hikeinrunway,[]
savealife,[]
art,[]
greenwater,[]
fatherson,[]
denimjacket,[]
carpool,[]
goldenhour,[]
culture,[]
see,[]
allin,[]
sea,[]
lisbon,[]
portrait,[]
newzealand,[]
cozy,[]
snickers,[]
washingtonmonument,[]
cosplay,[]
give,[]
nightout,[]
friyay,[]
happyholidays,[]
wow,[]
nutella,[]
lowmaintenance,[]
firsttime,[]
fifthavenue,[]
creme,[]
vacationmode,[]
silly,[]
nottowindy,[]
donate,[]
nope,[]
monsters,[]
victoriassecretfashionshow,[]
europe,[]
adobelightroom,[]
korea,[]
happycincodemayo,[]
behappy,[]
nashville,[]
pullups,[]
mycat,[]
markwarner,[]
hmsport,[]
samba,[]
happyearthday,[]
pepsi,[]
baconcheeseburgerdeluxe,[]
pulsenightclub,[]
flinthook,[]
bronze,[]
natale,[]
ohmy,[]
bodyboard,[]
restaurant,[]
surfphoto,[]
nazarebigwaves,[]
thatlook,[]
christmaseveeve,[]
surfphotographers,[]
pictureoftheday,[]
uclfinal,[]
childrensbooks,[]
brocinema,[]
asos,[]
baltimore,[]
jetsetterlifestyle,[]
4kwipeout,[]
bell,[]
simple,[]
sweet,[]
bjjlifestyle,[]
sweep,[]
community,[]
surgecomeback,[]
instants,[]
tennessee,[]
chinchillas,[]
likes,[]
nationalpark,[]
church,[]
pacificocean,[]
highlandsnc,[]
myinstagramlogo,[]
makeupartist,[]
goats,[]
purejoy,[]
thestruggleisreal,[]
catwalk,[]
jetlife,[]
roastbeefsandwich,[]
hatatthenewseum,[]
getfitforfree,[]
bigfootwaves,[]
portermagazine,[]
create,[]
reneelikes,[]
bbsbeauties,[]
badassteam,[]
puertoescondidochallenge,[]
eltonjohn,[]
southafrica,[]
nazarewaterfun,[]
orderenvy,[]
coffeeshots,[]
mindset,[]
whoa,[]
cosmetics,[]
finallyfriday,[]
sweetheart,[]
onset,[]
flight,[]
domperignon,[]
fire,[]
positivevibe,[]
nra,[]
elsa,[]
gas,[]
precision,[]
mine,[]
crushit,[]
determination,[]
southcarolina,[]
curlyhair,[]
bkbrainwash,[]
talent,[]
mlb,[]
georgia,[]
airforce,[]
sandiego,[]
bbstramp,[]
frozen,[]
mlk,[]
valentinespecial,[]
travelgoals,[]
budget,[]
satisfried,[]
bikini,[]
favsong,[]
lifttherainbow,[]
miamilife,[]
hbd,[]
fun,[]
kissing,[]
uppereastside,[]
biking,[]
southflorida,[]
silversurfsurfboards,[]
comingsoon,[]
mondaymood,[]
mycalvins,[]
portugal,[]
spiaggia,[]
instalove,[]
rip,[]
onlineshopping,[]
decoration,[]
rio,[]
greatestpets,[]
teahupocodered,[]
zaraterez,[]
oakley,[]
wishlist,[]
audi,[]
takeastand,[]
funny,[]
decor,[]
ondagrande,[]
italy,[]
ligershake,[]
igpetslife,[]
wtff,[]
doomaphotos,[]
sliders,[]
nationalsweetpotatoday,[]
treatyourself,[]
unitedstates,[]
development,[]
dominicanrepublic,[]
dolphinsurf,[]
pichicuy,[]
perception,[]
pullupweek,[]
everythingwhite,[]
pikachu,[]
leopard,[]
blueeyeliner,[]
mixedgirl,[]
holidays,[]
farmhouseking,[]
moment,[]
walmart,[]
jeffsessions,[]
frenchiepetsupply,[]
prague,[]
staycation,[]
adidasrunning,[]
2good2betru,[]
friendlypets,[]
girlfriendworkout,[]
instyle,[]
jetsetterdog,[]
deadlift,[]
frenchiepuppy,[]
revengebodywithkhloekardashian,[]
browardcounty,[]
northkorea,[]
activewear,[]
balousfriends,[]
grind,[]
wipeout,[]
homecoming,[]
inspirational,[]
tvshow,[]
bkflowercrown,[]
satisfries,[]
dirtydancing,[]
yankees,[]
nodaysoff,[]
rabbitsofinstagram,[]
pawproject,[]
mrbagel,[]
petbox,[]
xxlbigwaveawards,[]
boatlife,[]
ftlauderdale,[]
orientaleyes,[]
press,[]
shape,[]
cooldown,[]
firstdayoffall,[]
glassblowing,[]
taiwan,[]
praying,[]
prince,[]
musicmonday,[]
reubensuperstack,[]
redisalwaysagoodidea,[]
frenchielife,[]
dslr,[]
followforfollow,[]
disappointed,[]
workers,[]
lighthouse,[]
adidasparley,[]
aloha,[]
jalapenopoppers,[]
sixflags,[]
mavz,[]
cutepetsclub,[]
parents,[]
sydney,[]
surfguru,[]
8weektransformation,[]
mavs,[]
easter,[]
transformation,[]
promposal,[]
niece,[]
shesaidyes,[]
australia,[]
march,[]
emergency,[]
paulmanafort,[]
reducereuserecycle,[]
muaythai,[]
colourpop,[]
winterfashion,[]
newengland,[]
sothatswherethatis,[]
hrc2016,[]
jawsmaui,[]
sweatybetty,[]
falcon,[]
backtoschool,[]
jimmyfallon,[]
nationalsiblingsday,[]
jacksonville,[]
stillsummer,[]
feret,[]
staystoked,[]
fashiondiaries,[]
gymlife,[]
d,[]
shaped,[]
fuwax,[]
oprahsfavoritethings,[]
9gag,[]
waterbeard,[]
instafrenchie,[]
cavs,[]
summersolstice,[]
fake,[]
wildcats,[]
smileycat,[]
coffeelovers,[]
animalsco,[]
primepet,[]
bamboo,[]
quotoole,[]
gainpost,[]
ilikeit,[]
bodycontrol,[]
parade,[]
metabolic,[]
senate,[]
spring,[]
fbfmfam,[]
yolo,[]
magnificent,[]
back,[]
bounce,[]
supermoon,[]
persiancat,[]
lips,[]
palm,[]
sohungry,[]
goplay,[]
eiffeltower,[]
origami,[]
sprint,[]
getfit4free,[]
nancypelosi,[]
frenchbulldogpuppy,[]
wanderlust,[]
louboutin,[]
jewelry,[]
pet,[]
sugarland,[]
amazongiveaway,[]
religion,[]
prom,[]
carloszuniga,[]
retro,[]
bottomsup,[]
frenchbulldog,[]
epic,[]
t,[]
run,[]
ufo,[]
glowingskin,[]
jumps,[]
ufc,[]
bh,[]
305,[]
charlesbarkley,[]
stem,[]
zombie,[]
step,[]
bw,[]
recoverytime,[]
finalfour,[]
santa,[]
tengallonhat,[]
major,[]
mondaymantra,[]
lastday,[]
weaverindustries,[]
wealth,[]
faith,[]
wildlife,[]
excitedmuch,[]
netflix,[]
god,[]
delish,[]
theanarchyworkout,[]
kilimanjaro,[]
graduation,[]
surfers,[]
melbourne,[]
sweetiedarling,[]
innerstrength,[]
flashbackalohafriday,[]
kailenny,[]
watchlist,[]
chrissyteigen,[]
wonders,[]
shiny,[]
angry,[]
namaste,[]
colorado,[]
garbage,[]
westbowl,[]
instalike,[]
mommy,[]
couldnothavebeendeeper,[]
gingercat,[]
gyros,[]
martinlutherking,[]
adrenaline,[]
coconogales,[]
frames,[]
sports,[]
lebron,[]
sweatysaturday,[]
soothe,[]
2017bestnine,[]
speerstrength,[]
eleven,[]
sock,[]
smokehousebrisket,[]
teammatetuesday,[]
custom,[]
pumpkincheesecake,[]
oceanminded,[]
longday,[]
holidayparty,[]
paddleharder,[]
homemade,[]
suit,[]
nationalreadingmonth,[]
dogofinstagram,[]
lasvegas,[]
davidbeckham,[]
scared,[]
vienna,[]
mountains,[]
appme,[]
amrezy,[]
dips,[]
breakfastofchampions,[]
immigration,[]
functionaltraining,[]
glamour,[]
arkyn,[]
atlantic,[]
delta,[]
russian,[]
fentybeauty,[]
line,[]
jetsetting,[]
penguin,[]
jumprope,[]
healthypizza,[]
southreef,[]
artbasel2014,[]
mavericks,[]
oscars,[]
nationalicecreamsandwichday,[]
fries,[]
heretocreate,[]
us,[]
liberty,[]
un,[]
uk,[]
mouthwatering,[]
bemyvalentine,[]
highlight,[]
ua,[]
happyhour,[]
foodfight,[]
hangry,[]
mealcrushmonday,[]
humanitarian,[]
twining,[]
fans,[]
elegant,[]
fashionista,[]
cowboys,[]
likeforfollow,[]
tacoemoji,[]
warning,[]
treasureisland,[]
sussudio,[]
rally,[]
cafe,[]
projectmorona,[]
springishere,[]
fullbody,[]
cotton,[]
rainbow,[]
rainy,[]
luxurylife,[]
lemon,[]
peace,[]
funinthesun,[]
reasontosmile,[]
nap,[]
dontbeafraidtofly,[]
sphynx,[]
kickboxing,[]
macmilliancancersupport,[]
happyfriday,[]
wearereallysorry,[]
energyandfocus,[]
manhattan,[]
christmaseve,[]
nice,[]
nationaldoughnutday,[]
collorfull,[]
fitspo,[]
gameday,[]
stockingstuffers,[]
heatwave,[]
tuesdaytip,[]
gopro,[]
firetruck,[]
leapyear,[]
stockmarket,[]
insect,[]
nyclife,[]
goodwaves,[]
sweatitout,[]
fitnessvideo,[]
easterbunny,[]
charming,[]
desert,[]
onthisday,[]
bagus,[]
massivewaves,[]
persiansofinstagram,[]
remix,[]
maldives,[]
orangecounty,[]
evehewson,[]
falliscoming,[]
puertorico,[]
dvd,[]
leapday,[]
shoutout,[]
makeachange,[]
skatedom,[]
nasa,[]
eroug,[]
frenchtoaststicks,[]
fresh,[]
berries,[]
hello,[]
limitededition,[]
traygames,[]
triplestack,[]
pfw,[]
gq,[]
squats,[]
lean,[]
thesejokesareterrible,[]
resistance,[]
puppygram,[]
goldenglobes,[]
groceries,[]
surfermagazine,[]
breakfastofkings,[]
zicatelamoments,[]
flashback,[]
fitchick,[]
chillin,[]
seasonsgreetings,[]
twintowers,[]
nanowrimo,[]
chocolateturnover,[]
nationalwalkoutday,[]
mensfitness,[]
highfive,[]
allthingswater,[]
destress,[]
shanghai,[]
chasingadream,[]
young,[]
littleme,[]
flowercrown,[]
gosnacksgo,[]
sorrynotsorry,[]
hugocartaxanas,[]
jackolantern,[]
dachshundsofinstagram,[]
maryland,[]
charity,[]
tr7,[]
almasolar,[]
cloudporn,[]
advisors,[]
street,[]
garden,[]
dessert,[]
cinnamon,[]
end,[]
cctv,[]
genius,[]
monsterwave,[]
wave,[]
aprilfools,[]
aussie,[]
balls,[]
facebook,[]
guineapigs,[]
yourewelcome,[]
selectionsunday,[]
accesshollywood,[]
nabomba,[]
chinchillasofinstagram,[]
fastfood,[]
allamericanrejects,[]
magic,[]
barbarabush,[]
incatrail,[]
shibainu,[]
unionsquare,[]
colors,[]
surfsup,[]
deals,[]
trx,[]
race,[]
whiteout,[]
amazonone,[]
meekmill,[]
yorkiesofinstagram,[]
kirstengillibrand,[]
fashionblogger,[]
challenge,[]
mbfamily,[]
flash,[]
pushingthelimits,[]
booty,[]
georgehwbush,[]
snowglobe,[]
bojackhorseman,[]
wrestling,[]
shippys,[]
boots,[]
jump,[]
primedayprep,[]
healthychoices,[]
video,[]
traveling,[]
findfocus,[]
reunion,[]
copenhagen,[]
spaghetti,[]
sneakerexchange,[]
foodstagram,[]
nevada,[]
tflers,[]
business,[]
newjersey,[]
giving,[]
cominghome,[]
styleblogger,[]
espresso,[]
taylorswift,[]
middleeast,[]
wethair,[]
tempestadeana,[]
bestfriends,[]
unreal,[]
twins,[]
pumpkinspice,[]
playa,[]
electricity,[]
michaeljackson,[]
delirionatural,[]
bird,[]
princesscharlotte,[]
thisyear,[]
body,[]
friesking,[]
praianorte,[]
newyork,[]
got,[]
kangaroo,[]
getfit,[]
commercial,[]
revengebody,[]
nikon,[]
explore,[]
brooklynbridge,[]
horsesofinstagram,[]
fighter,[]
sing,[]
fridayvibes,[]
selfietime,[]
saudiarabia,[]
originalsbynigo,[]
great,[]
maybelline,[]
survivor,[]
dates,[]
iphoneonly,[]
shades,[]
alaska,[]
brigittemacron,[]
swimmingpool,[]
funfriday,[]
canttouchthis,[]
popcorn,[]
surfistas,[]
surfportugal,[]
paws,[]
sunnydays,[]
treehouse,[]
paulryan,[]
justicedepartment,[]
apple,[]
blizzard,[]
danger,[]
win,[]
app,[]
likingit,[]
mondaymotivation,[]
austria,[]
keepyourfocus,[]
ivyleague,[]
foodgasm,[]
dogsrule,[]
singing,[]
instagramhub,[]
cloud,[]
esportes,[]
eumere,[]
confidence,[]
allthecatnip,[]
yogadance,[]
sundayphilosophy,[]
usa,[]
surfari,[]
doodle,[]
tanksgiving,[]
frog,[]
next,[]
cheesin,[]
stakeout,[]
camera,[]
goldenretriever,[]
crab,[]
fdny,[]
shoulderworkout,[]
girlsnightout,[]
bkscholars,[]
fentyxpuma,[]
parliament,[]
venicebeach,[]
freshthoughts,[]
greenthumb,[]
gucci,[]
confused,[]
chickenstrips,[]
train,[]
hailstorm,[]
dgophoto,[]
rabbit,[]
8,[]
baby,[]
lifestyle,[]
adidasoriginalsxaw,[]
nypd,[]
rivalry,[]
minions,[]
women,[]
cremebruleshake,[]
onestar,[]
animals,[]
moltenlavacake,[]
midterm,[]
athlete,[]
seahawks,[]
musttryharder,[]
moodygrams,[]
donut,[]
freakyfriday,[]
trainlikeanathlete,[]
holyweek,[]
anchorage,[]
posing,[]
bodybuildinhg,[]
potus,[]
fetch,[]
deskscape,[]
control,[]
beijing,[]
cutepetclub,[]
skyonfire,[]
puppyfun,[]
thirsty,[]
snacks,[]
youngpilot,[]
spo,[]
halloween,[]
makeadifference,[]
sogood,[]
high,[]
habaiano,[]
billcosby,[]
rigth,[]
drpepper,[]
chic,[]
chakra,[]
sunglasses,[]
tan,[]
civilrights,[]
babyfontana,[]
paleo,[]
united,[]
prayforfrance,[]
hongkong,[]
justdoit,[]
boxing,[]
nintendo3ds,[]
nars,[]
benandrews,[]
sic,[]
brian,[]
winners,[]
forest,[]
animal,[]
longhair,[]
toddler,[]
nationalcheeseloversday,[]
daylightsavings,[]
headtilt,[]
foodporn,[]
farm,[]
elle,[]
thunderstorm,[]
collection,[]
paper,[]
puppymillsurvivor,[]
chickenfriesareback,[]
taco,[]
avocadotoast,[]
foodhack,[]
tariffs,[]
cuddling,[]
faceyourfearsliveyourdreams,[]
regrann,[]
gourmazing,[]
dailyfrenchie,[]
light,[]
oldschoolarbys,[]
ferret,[]
meditate,[]
rainbows,[]
90ssayings,[]
hrmcmaster,[]
childrenshospital,[]
addiction,[]
blacknwhite,[]
usnavy,[]
houston,[]
frenchielove,[]
livewithoutlimits,[]
flexacademiaguaruja,[]
makeuptutorial,[]
redcarpet,[]
grilleddog,[]
performixdriven,[]
gunsafety,[]
petco,[]
driveyourworld,[]
alfranken,[]
chouffer,[]
thinkgreen,[]
pawnation,[]
costume,[]
rextillerson,[]
superfoods,[]
lovetoread,[]
extralongbbqcheeseburger,[]
galaxy,[]
ponder,[]
perfect,[]
spotify,[]
2015bestnine,[]
climatechange,[]
coffeelover,[]
la,[]
fitnessapparel,[]
gobigger,[]
mistletoe,[]
nostalgia,[]
primepets,[]
winning,[]
macysthanksgivingdayparade,[]
fitnessgirls,[]
2015,[]
hobby,[]
2017,[]
holiday,[]
adamkownacki,[]
fitnessfreak,[]
pieday,[]
2012,[]
dad,[]
flex,[]
hcdesign,[]
johnmccain,[]
dam,[]
weekendvibes,[]
railedit,[]
bjj,[]
cicciostampa,[]
harrisburg,[]
catlover,[]
kiss,[]
martialarts,[]
meetthebaes,[]
kindness,[]
flatface,[]
day,[]
likeaking,[]
yeezys2,[]
80s,[]
wrangler,[]
comedy,[]
eqt,[]
university,[]
nfl,[]
playoff,[]
lovemyjob,[]
thebigwaveproject,[]
farmersmarket,[]
lingerie,[]
elite8,[]
truth,[]
statueofliberty,[]
instafamous,[]
nokidding,[]
nye,[]
nopainnogain,[]
glasses,[]
arbyssauce,[]
mets,[]
bigbarrel,[]
doughnut,[]
saucealot,[]
belgrade,[]
mansbestfriend,[]
enews,[]
lfl,[]
healthyeating,[]
goforit,[]
canine,[]
ruletheworld,[]
surfboards,[]
lfw,[]
books,[]
thulecrew,[]
xxlawards,[]
surfingday,[]
our,[]
instadaily,[]
turnthetideonplastic,[]
yeezyseason,[]
special,[]
out,[]
timeorbe,[]
matrix,[]
veteransday,[]
orangecream,[]
chaos,[]
movember,[]
tatsonmypassport,[]
capefear,[]
arkansas,[]
fitmodels,[]
surflifestyle,[]
memes,[]
wheelsup,[]
chiphappens,[]
red,[]
architecture,[]
jasonschwartzman,[]
sundayvibes,[]
workflow,[]
thirstythursday,[]
tombutler,[]
peaceday,[]
waimea,[]
cutepets,[]
bozic,[]
weightlossjourney,[]
mintshake,[]
fishsandwich,[]
unitednations,[]
celtics,[]
princess,[]
wrestlemania,[]
surfandturf,[]
houseofrepresentatives,[]
organic,[]
ritamoreno,[]
dogstagram,[]
animarsurffilms,[]
teahupoo,[]
could,[]
giftideas,[]
florida,[]
jaguars,[]
purplerain,[]
pigs,[]
iloveny,[]
homelessness,[]
hugenazare,[]
austin,[]
housing,[]
south,[]
smokehouse,[]
tacotongue,[]
goodmorningpost,[]
mozarellasticks,[]
virginiabeach,[]
rats,[]
meatlessmonday,[]
hugewave,[]
amazonprime10,[]
powerful,[]
burniesanders,[]
styling,[]
wealthlife,[]
followforfollowback,[]
brunch,[]
wayfairpetsquad,[]
fridays,[]
besties,[]
bbsapp,[]
doublestackedreuben,[]
nyse,[]
begreat,[]
coffeeaddict,[]
pushpullgrind,[]
monkey,[]
festival,[]
tulips,[]
amazonprime,[]
bkbreakfast,[]
makeuplook,[]
avengers,[]
orientaleye,[]
attack,[]
orangetabby,[]
skipitskills,[]
decorations,[]
quoteoftheday,[]
veritasmid,[]
homesweethome,[]
christmasaddicted,[]
orangecreamshake,[]
beard,[]
moviequotemonday,[]
frenchiesquad,[]
malibu,[]
chickentenders,[]
bushwickcrossfit,[]
bulldog,[]
novagodina2017,[]
noreallyyoushouldhave,[]
innovate,[]
rallytogether,[]
kidschoiceawards,[]
surfjiu,[]
sixpackfemmes,[]
videogames,[]
natural,[]
kylie,[]
sundayselfie,[]
gotribe,[]
bodyweight,[]
ipad,[]
beastmode,[]
buddy,[]
lamborghini,[]
eastcoast,[]
mantra,[]
onemore,[]
ballard,[]
dryfalls,[]
perfectwaves,[]
bed,[]
redbull,[]
positivevibes,[]
coffeebreak,[]
firework,[]
n760rs,[]
nationalbestfriendsday,[]
loves,[]
noworries,[]
clemson,[]
sculpture,[]
carpediem,[]
inlove,[]
hairstyle,[]
praiadonorte,[]
despicableme,[]
frenchies1,[]
stud,[]
eastersunday,[]
proteinshake,[]
longhairdontcare,[]
coatblazer,[]
amazingday,[]
redsox,[]
need,[]
cosmopolitan,[]
northshore,[]
nationalfrenchfryday,[]
comfortzone,[]
anglet,[]
coffeenerd,[]
ferragamo,[]
pokemongo,[]
fenty,[]
livingroom,[]
dishes,[]
dallas,[]
ajetlife,[]
flotus,[]
makeuplover,[]
pushups,[]
waffles,[]
tomford,[]
mix,[]
latina,[]
norte,[]
truck,[]
primepicks,[]
dinnertime,[]
persistence,[]
cosby,[]
2016,[]
catinabowl,[]
asanalikeanaussie,[]
aww,[]
kingjames,[]
reindeer,[]
freshbodyfitmind,[]
italianfood,[]
parenting,[]
municipiodanazare,[]
montana,[]
razorteeth,[]
inspiredbypets,[]
minime,[]
highbrowpro,[]
highschool,[]
class,[]
joaomorgadoosteopata,[]
eddieday,[]
weho,[]
transformationtuesday,[]
titansofmavericks,[]
barista,[]
bracketbusted,[]
combatzone,[]
bankshot,[]
stronger,[]
thanksgiving,[]
mikepence,[]
stayaway,[]
frenchbulldogdaily,[]
auroraborealis,[]
futurelearpilot,[]
movie,[]
painting,[]
planks,[]
fact,[]
newtown,[]
jabbar,[]
readyfornazare,[]
teameffort,[]
seasonfinale,[]
exclusive,[]
rings,[]
boxjumps,[]
indoor,[]
swimwear,[]
bunniesofinstagram,[]
manchester,[]
livin,[]
follow4follow,[]
chicken,[]
newtonrunning,[]
spooky,[]
weekendgetaway,[]
inspiring,[]
podcast,[]
igcutest,[]
moet,[]
officespace,[]
winner,[]
surfe,[]
unions,[]
eat,[]
tagsforlikes,[]
icecreamforbreakfast,[]
8day,[]
dreamers,[]
newyear,[]
fuel,[]
mua,[]
iphonesia,[]
local,[]
hope,[]
catstagram,[]
neverforget,[]
goodmorningamerica,[]
cuba,[]
shipsterns,[]
michigan,[]
helpingothers,[]
stripes,[]
murica,[]
watercolor,[]
barneysnewyork,[]
surfphotography,[]
weekendfun,[]
cubs,[]
words,[]
pleaseforgiveus,[]
frenchfries,[]
deflategate,[]
bondi,[]
bigballs,[]
gray,[]
fashionaddict,[]
champagne,[]
katyperry,[]
fierychickenfries,[]
denmark,[]
cutedog,[]
wellnesswednesday,[]
highlands,[]
airmax,[]
motherhood,[]
onedirection,[]
surfingworld,[]
she,[]
lifeisstrange,[]
mercedes,[]
ohio,[]
beautifulsea,[]
didyouknow,[]
gibson,[]
coffeelove,[]
motorcycle,[]
spotted,[]
flatwhite,[]
arabesque,[]
bts,[]
cruise,[]
fitnesslifestyle,[]
muchneeded,[]
yorkie,[]
arbysreuben,[]
losangeles,[]
pumpkincheesecakeshake,[]
greece,[]
performixchallenge,[]
nfldraft,[]
oldschool,[]
superhero,[]
pedigree,[]
walkoffame,[]
natgeotravel,[]
christmasshopping,[]
nightmare,[]
macron,[]
instafood,[]
dekoracija,[]
hammock,[]
olympiclifting,[]
bestmeow,[]
brotherwood,[]
copilot,[]
nominees,[]
solebox,[]
loriding,[]
yorkies,[]
greatful,[]
puppykisses,[]
explosive,[]
homedecor,[]
bridges,[]
joy,[]
rock,[]
soproud,[]
timberwolves,[]
waltdisney,[]
easthampton,[]
jamocashake,[]
cake,[]
job,[]
takeover,[]
lunchgoals,[]
merry,[]
motivationmonday,[]
rooftop,[]
maga,[]
christmastreedecoratedbyme,[]
christmas2015,[]
unstoppable,[]
worldaidsday,[]
handstands,[]
gingerbreadman,[]
applecrisp,[]
instacats,[]
hudabeauty,[]
april,[]
asosfashionweek,[]
bronx,[]
livinginparadise,[]
fallfashion,[]
melaniatrump,[]
chest,[]
regram,[]
wunderphotos,[]
bigwednesday,[]
gokarting,[]
summer2017,[]
wall,[]
denim,[]
bodyweighttraining,[]
walk,[]
kickassplaylists,[]
laugh,[]
caseofthemondays,[]
petparenthood,[]
marchforourlives,[]
ucl,[]
tacotuesday,[]
fashionkilla,[]
loveislove,[]
yay,[]
bbf,[]
frenchiemoments,[]
russiaprobe,[]
natgeoyourshot,[]
redbullpointofyou,[]
taste,[]
pandamonium,[]
teamwork,[]
gaza,[]
proposal,[]
kitchen,[]
louisiana,[]
winterwonderland,[]
2018,[]
petportraits,[]
900graus,[]
pic,[]
diversity,[]
atowinj,[]
newhampshire,[]
fitgirl,[]
northcarolina,[]
catloaf,[]
sweet16,[]
sunsetparty,[]
orange,[]
waterman,[]
deep,[]
gun,[]
smooshyface,[]
atlanta,[]
bey,[]
aujus,[]
bigwaveawards,[]
spain,[]
volunteer,[]
swox,[]
bye,[]
couple,[]
boanoite,[]
wantanother,[]
runway,[]
edibleflowers,[]
tiptuesday,[]
instagood,[]
will,[]
moveoftheday,[]
stunning,[]
burgerqueen,[]
ritaora,[]
maui,[]
reuben,[]
wasntme,[]
vsfashionshow,[]
danielwellington,[]
hurricaneharvey,[]
lambo,[]
elnino,[]
airmaxday,[]
buffalochickenfries,[]
sundaynight,[]
icapture,[]
jelly,[]
chickenfries,[]
baldwinbowl,[]
conditioning,[]
breakfastclub,[]
politics,[]
lovethechallenge,[]
iloveamazon,[]
spicycrispychickensandwich,[]
kingpusheqt,[]
tattoo,[]
shooting,[]
weddingday,[]
caffeinefix,[]
highlighter,[]
croissanwich,[]
vintage,[]
balloon,[]
fotoprotegetebien,[]
dream,[]
unite,[]
abworkout,[]
deepthoughts,[]
citrus,[]
surftododia,[]
koxabomb,[]
buffoon,[]
party,[]
strawberries,[]
giantwaves,[]
tomatoes,[]
cod,[]
cornedbeef,[]
tortie,[]
babylove,[]
bali,[]
makeuponpoint,[]
versace,[]
drink,[]
mothernature,[]
markzuckerberg,[]
bullying,[]
puppybrother,[]
petsagram,[]
ces2018,[]
byebye,[]
fancy,[]
sisters,[]
yoga,[]
ikea,[]
w1d3am,[]
imissmyspot,[]
remyma,[]
moveoftheweek,[]
reflection,[]
i,[]
colour,[]
indonesia,[]
coffeemug,[]
thefuture,[]
fighting,[]
restinpeace,[]
snacknsave,[]
part2,[]
drone,[]
nationalchampionship,[]
sleepingcat,[]
geekseasoning,[]
chinup,[]
chinchilla,[]
muscle,[]
surflove,[]
godisgood,[]
prayforparis,[]
birthdaycake,[]
selfiesunday,[]
makeamericagreatagain,[]
thebronx,[]
datenight,[]
moments,[]
hybrid,[]
powerlinesproductions,[]
fashionphotography,[]
skincare,[]
feeltheburn,[]
xxlwaves,[]
amandabisk,[]
mfw,[]
gospartans,[]
skill,[]
happiness,[]
scaramucci,[]
logansquare,[]
skp,[]
gma,[]
funnyanimals,[]
sky,[]
lake,[]
the,[]
fridayfeelings,[]
nothingisordinary,[]
fresherthanyouuu,[]
adoption,[]
winterstorm,[]
lookup,[]
myjob,[]
strongwomen,[]
smart,[]
groundhogday,[]
chickenredemption,[]
firsttimevoter,[]
mittromney,[]
government,[]
themet,[]
utah,[]
pilotlife,[]
smithsonian,[]
herewego,[]
healthmagazine,[]
palmtrees,[]
leftovers,[]
maythe4thbewithyou,[]
turkeypardon,[]
sephora,[]
belgium,[]
bbsshoe,[]
lovenobu,[]
mundomit,[]
jetsessions,[]
dubai,[]
flamingo,[]
like,[]
success,[]
wishiwassurfingrightnow,[]
miami,[]
kingair,[]
wynwood,[]
bombcyclone,[]
strikeoutals,[]
striveforgreatness,[]
candy,[]
subzero,[]
dancer,[]
beboldforchange,[]
phiphiisland,[]
flirtwithfit,[]
oneworldtrade,[]
maythe4th,[]
bigbench,[]
sugaroverload,[]
italian,[]
caughtintheact,[]
practicemakesperfect,[]
jimmykimmel,[]
vsx,[]
fitnessmotivation,[]
twitter,[]
wirmachenwelle,[]
girlsquad,[]
library,[]
hair,[]
majestic,[]
daylight,[]
fitnessmodels,[]
gymnastics,[]
thebigsurfcommunity,[]
cleveland,[]
makeemjala,[]
home,[]
liking,[]
marchforourlives2018,[]
surferphotos,[]
originalsuperstar,[]
functionalrangeconditioning,[]
ridefutures,[]
thesurfiety,[]
trust,[]
visitportugal,[]
tmw,[]
nazarewaves,[]
literally,[]
tmz,[]
hurricane,[]
fedex,[]
students,[]
happysaturday,[]
fountain,[]
passion,[]
kucing,[]
steakout,[]
bbstanks,[]
princewilliam,[]
leader,[]
ripped,[]
charger,[]
metro,[]
igcats,[]
staydriven,[]
cincodemayo,[]
journal,[]
triceps,[]
choker,[]
usaf,[]
selflove,[]
sunsetandvine,[]
earnit,[]
revengbody,[]
pasta,[]
thanyou,[]
bigben,[]
staystrong,[]
bayarea,[]
hiding,[]
sister,[]
rare,[]
makeupoftheday,[]
face,[]
freedom,[]
headstand,[]
legendary,[]
nationalfastfoodday,[]
louisville,[]
fear,[]
gigantesdosurfe,[]
bestofinstagram,[]
sweat,[]
burgerking,[]
puppies,[]
tongue,[]
vogue,[]
mitchmcconnell,[]
tgif,[]
riseup,[]
swimming,[]
chinchillin,[]
fitnessmodel,[]
boatshed,[]
trainhardplayhard,[]
steakhouseking,[]
washington,[]
havekindlewilltravel,[]
nano,[]
fundraiser,[]
jamescomey,[]
weather,[]
champ,[]
undefeated,[]
female,[]
selfcare,[]
newyearsresolution,[]
thedayafter,[]
nrc,[]
poland,[]
drizzy,[]
nofilterneeded,[]
shapeup,[]
spon,[]
biggestwave,[]
museum,[]
zurich,[]
firefighter,[]
petsquad,[]
fitbit,[]
thiagojacare,[]
followme,[]
flynn,[]
alexa,[]
khloekardashian,[]
bus,[]
michaelflynn,[]
viciadoemadrenalina,[]
christmaslights,[]
akiwassurfboards,[]
delivery,[]
construction,[]
goals,[]
hm,[]
glutes,[]
hc,[]
ha,[]
memphis,[]
bug,[]
he,[]
originalslondon,[]
davos,[]
lovely,[]
thinkpositive,[]
standstrong,[]
glory,[]
littlebella,[]
dangerous,[]
singlefin,[]
elizabethwarren,[]
stories,[]
pumpkincarving,[]
blessings,[]
fitnesslovers,[]
snapandrock,[]
biggame,[]
display,[]
skating,[]
cheetoschickenfries,[]
supreme,[]
centralpark,[]
bodyweightexercises,[]
timetogettowork,[]
benditlikebisky,[]
circus,[]
kisses,[]
mcm,[]
bestfriendsday,[]
pig,[]
youdothemath,[]
beats,[]
amiright,[]
internationalyogaday,[]
frenchbulldogs,[]
yeewww,[]
education,[]
cutecat,[]
campus,[]
champion,[]
scarymoment,[]
rosiehuntingtonwhiteley,[]
incredible,[]
boop,[]
tubular,[]
catphotography,[]
wednesdaywisdom,[]
illinois,[]
puntahermosa,[]
dontcrackunderpressure,[]
book,[]
bbvacompassrisingstars,[]
boom,[]
sick,[]
runclub,[]
sakapraia,[]
commentbelow,[]
blastfromthepast,[]
govote2014,[]
ponytail,[]
videogameday,[]
bundleofjoy,[]
sunshine,[]
star,[]
monday,[]
justsaying,[]
shredded,[]
workoutwednesday,[]
whatsonthetruck,[]
shotoniphone,[]
truetothis,[]
stag,[]
team38,[]
chickenfrieskeyboard,[]
goodstuff,[]
nintendo,[]
specialcounsel,[]
vsco,[]
friends,[]
inspiration,[]
ghost,[]
nelscottreef,[]
athleticdog,[]
frenchiesofinstagram,[]
teamwildboar,[]
kardashian,[]
marchmadness,[]
audibleapp,[]
instafitness,[]
look,[]
blackbeauty,[]
coolshot,[]
compete,[]
4k,[]
southkorea,[]
petsmart,[]
angriestwhopper,[]
rockefellercenter,[]
nikond7200,[]
